ID,Predicted
1844045271814558464,1
1840349097823778816,1
1488102613362294272,1
555529923942874624,1
1010213070486150912,0
1370869366423076096,1
330376665149701632,1
1927955299575152640,1
1159047042546043392,1
1554054683645373952,1
1676852773276240128,1
1335872516146736128,1
1108136757019277312,0
377730059464573952,1
1023043463617453824,1
1330300438669223424,1
616202901359100928,1
1719969690061707264,1
386429838180140544,1
163503573735491072,1
589002367753259776,1
1624159202162825472,1
1199766196625364480,1
1764959440829781248,1
2052268685839561216,1
491562678034080000,1
246407842196583680,1
1876328185836784128,1
1746196453053390592,1
1881651989321915136,1
338491284569821952,1
2170815315848952064,1
2038568716979398912,1
360728088399126784,1
2216883487142359808,1
41901781976476672,1
686905329240415232,1
677271186488669696,0
1347618836918130688,1
277237181622085632,1
760950293497113600,1
1793332393680035328,1
378300777226062080,1
1497487387535465728,1
1361051871822951424,1
338976759320870144,1
913159217280587264,1
977559178295919872,1
4523455718847744,1
755418612542844416,1
2148415844853340928,1
2276114318132676352,1
1364664850091501312,1
1301317828494920960,1
2165902075055208704,1
1964504578109983232,1
968968271427540480,1
643687902856158208,1
880512070560864512,1
363541090164015360,1
1147624798364392960,1
1084556550171344640,1
630981680482436864,1
750588968104397312,0
753316151520356352,1
651401291282062080,0
48283286553678848,1
104104763763597824,1
1022006555410851840,1
1667960557485808128,1
281465024033803776,1
466623204835317760,1
1667890319712287488,1
355187702600953600,1
72010978690933504,1
73017781092162304,1
1983657415382334976,1
1803045475808785664,1
1542787474276147200,1
1585189182442735616,1
283158534314326272,1
776958106823257344,1
1545736142455725312,1
690104310413503232,0
1023648623133010432,1
1059419707469658112,1
172370305752972288,1
1625960182977361664,0
508945422764850176,0
1292732714929350400,0
1568401440655169792,1
178982592513325312,1
1654524205726731008,1
267528823403864576,1
1968202245182248960,1
1211562213483950336,1
79638253655330304,1
2151575782020284416,1
476961624216748800,1
260349387521736704,1
581501539872343040,1
993503461442204416,1
1027248743176764416,1
165137311055199744,1
3533345089417984,1
2219158690643180032,1
1622884733306547712,1
946282649013854208,1
1129173391686272512,0
1733001364604936704,1
1695770976418940160,1
1053250217402385664,1
1235309451900303616,1
1106043396785155072,1
536647926289091072,1
1655193844786659840,1
70524933037345536,1
1748946971941687296,1
1862347666124983040,1
2166459155435334400,1
2045213614285419264,1
232521676943732992,1
998120933744423680,1
173679606965569024,1
193978920812816896,1
2188384259223079424,1
494749061666263808,1
924469824423228672,0
1205789645900100096,1
1017300487220593408,0
2006138586516131328,1
1504515443317917952,1
1312758449110271488,1
1853665487833538304,0
831943450686305792,1
423058440992274176,1
184525016858597376,0
494394538966882816,1
1060738361083155200,1
1485354231786294784,1
27778026650003968,0
733595445512232704,0
1009810557005056256,1
980610727729065728,0
1425986004904160768,1
1299080718185050368,1
790659129586450688,0
1517548316900963072,1
1566744763723807232,1
807857331159329536,1
2299982562063220224,1
1682466254565241344,1
262818253689757952,1
1828711110149331456,1
2225042256725281536,1
622528956262182912,1
59165627797842944,1
497438250372428032,1
543147287627859712,1
1706522717169469952,0
1542915090327796736,1
1702786468034978816,1
1852804617376154368,1
2185254218565037056,0
661475945407380480,1
699130775314446592,1
1094319702326647808,1
82316772319273728,1
1257631472934505984,1
960005047461166080,1
2128027764515478272,1
1498964858558017024,1
1915409893139630080,1
1866686550566867456,1
203203225286588928,0
1079224374118365440,1
352495040370550272,1
491282515200777216,0
686167439318460928,1
1128772991562473984,1
1730228398580129536,1
1968427098061617664,1
1103705131740259584,1
64416822347923968,1
2217885833231774464,1
2167250636861004800,1
2242275770800952320,1
2266126334407141632,1
1978742790369089536,1
1542987150723255040,1
2220826840750468864,1
1541506211510347520,1
634287763109782016,1
455747272314120960,1
658927248228271616,0
1458407682462294272,1
1136511026789385728,1
369494521152632064,1
811554350824050176,1
875911937319573760,1
985703639316660992,1
1546598697364653312,1
1071931400896084992,1
859790029809587456,1
1101729233274936576,0
710996461688830976,1
1808334488369959168,1
76267191862359808,1
65525965032037888,1
4694017504147968,0
1923886180780226304,1
1197145860818894848,0
974164214365749248,1
2112097526128358656,1
1108857553922843648,1
1996046924655479296,1
1774457163415345408,1
799369436986838016,1
238632024444312576,1
1805805375337737472,1
695439468080698880,1
1366152514280499200,1
1236185329967683328,1
1092117832114169856,1
359668560418249216,1
1095471509772059392,1
2067569398411365888,1
923727381447288576,1
844851999017242368,1
271709329951138048,1
1021735742394800896,1
1780711800523400448,1
1760979376639760640,1
1692057528816558080,0
979665008566428928,1
1956707341461059584,1
1395589435904622848,1
1537118247006047488,1
346696531521072640,1
1130306559398067456,1
1875137486804710144,1
2225071568855988480,1
481137149990092032,1
176738482359543296,1
1091996596998465024,0
1575762982696960,1
867914881808517376,1
2263609246266868480,1
1162345503596949504,1
973112449622264832,1
1047245250274542080,1
389689457439869696,1
932553609223981056,0
142727608983342592,1
298437344745311488,1
1443753763886688768,1
383365531420218112,1
578204289092892672,1
1918051999112010752,1
1339496044770199552,1
1971320413543310592,1
960197664632878592,0
469434130215379712,0
137232741006752256,1
1310572189214387456,1
1590459845471786496,1
1678706479318297344,1
1583539325613188608,1
895713887699915264,1
512897093755495424,1
42024856987164416,1
307987346440101120,1
600108200623927296,0
1283291081539268864,1
1450099375602815232,1
1450522311707225600,1
933406332501298944,1
133287664061047808,1
1537696291980764928,1
267862680825742336,1
1161808287495086592,1
389723577376496128,0
1025967998154655488,1
690711805734673920,1
2156857220096544000,0
958151973008656640,1
1056785467042074112,1
1747342955615616000,1
941373091366296832,0
491343422417419520,1
1236698786830748416,1
979125618094574336,1
1795076874195360512,1
1513855954166818560,1
1282134522503113472,1
1973532956395710464,1
775644317990916352,1
1358454052088393472,1
1705862605736118016,1
227879511558926592,1
1471003530858867456,1
704597655925686528,1
1043183744450066688,1
164650317271099136,1
714894275366523648,1
481709394047369216,0
1274877409512055040,0
1335707883715250944,0
747155017033112064,1
1056389670378464000,1
63391724755830016,1
1545760932050656768,1
28491158231559168,0
550394327296,1
1697432521271716352,1
87805065501789696,1
1948604219697389568,1
132779067809582080,1
1814788872886699520,1
477566301912527360,1
1325877944651719680,1
1322983359941020416,1
1970557978730942464,1
2153503211759485440,1
1989080035320784384,1
337141531512344320,1
1701077801782668800,1
175421713081416704,0
831085425744753408,1
1533606189758362368,1
358240045820402944,1
2251575376764394240,1
1146263721023452672,1
2196101646031750144,1
31653608605096448,1
1024850387904906496,1
1944878118847306240,0
1969288082010274048,1
529629084240014336,1
481869111952843264,1
290543241516236544,1
1642093341127500288,1
1743206817041144832,1
609771784425750528,1
1741871521143107840,1
68041485379800320,0
2047001899330770688,1
1054745333804595712,1
1212634582580076800,1
621142023634652160,1
146300540009963264,1
115629371313644032,1
369182682369918464,1
83303897864160000,1
487326095745811968,1
1565310553100147200,1
47303518804574976,0
1086217149794939648,1
745151203373685248,0
1056913288911452160,1
951744296514517760,1
219745800924266240,1
61177420787547392,1
1283382351637665280,1
1268777368982404096,1
441163682158526208,1
2022197626285565440,1
1832612522200082688,1
1097109381587029760,1
50941630462021632,1
1218671392260863232,1
1125400195079049728,1
1148981571467628032,1
905045499609208832,1
716807141048818176,1
588566925689350400,0
755856710790883328,1
1485539321549600000,0
1993904318856153856,1
31852519464357120,1
201069854593583872,1
1774151863644612096,1
1530263815642852608,1
2073769697603484160,1
357631218499893760,1
824052538773823232,1
602225317744710912,1
1208607403358803968,0
1915899454416908544,1
610678932246741504,0
62628817501510656,1
2015268301926306560,1
2195931359994894848,1
2151344648141044992,0
2133291169113279744,1
410541040250504960,1
2219935138183707904,1
1713016084503123968,1
267988265068359168,1
1701334406749374720,0
486209208056482816,1
579335403597350144,0
1926162375330499328,1
281674297174654720,0
551055225191462400,1
2063448227548717056,1
347093481928557312,1
1087167119986722048,0
1877754039048887040,1
819624486197395200,1
141610585603335936,1
148250719650089728,0
1038584984044814080,1
2295231378435472128,1
298459001502403328,1
1954201116755655680,1
1985723088876339200,1
14771438263879680,1
2101726116481195008,1
1290006719948531712,1
1621586841905304576,1
345236678849886464,1
1041863920391523328,1
1602236194384478464,1
2122811040502972160,1
1730329843960716800,0
841789170299227904,1
2149975519271668224,1
1497300884961507328,1
374019449051769088,0
2245187822733202944,1
1822141692483258880,1
2059278619126914816,1
149813997918102016,1
151250720853639168,1
2174573522325405952,1
1892601197776200960,0
1088772757514419712,1
178472719686493952,1
742165706131249664,1
70642620990174464,1
135116389813529856,1
1890576674690573568,1
1038132191982358784,0
675091883835590912,1
1357027664023847424,1
546285683473174016,1
634111939424370432,0
1126343800338764544,1
1086237702675472640,1
690299585164991232,1
968358156243242752,1
622845889377510656,1
1283240570604206592,1
1189069045073675008,0
1046409909683985408,1
1183563111043194880,0
418492079857292544,1
692948030481516288,1
2004655086958487296,1
1320043581099890432,1
211449060533888256,1
1402109881777965824,1
1256906467367899136,1
196616519236167680,1
1183294336381173504,1
1046403860935020544,0
1470707954426021120,1
527240873556253952,0
2073853353964937216,1
1150831429556964352,0
324009514615095296,1
1966786405693368576,1
148196270610553344,1
2056703618309611520,0
900573205755856640,1
355233178355436800,1
1742554716022156288,0
456372991495555328,1
431473245523282176,1
1287026717930930944,1
1363433550028120320,0
344243667748291584,1
1685522838290689024,1
290328879374202112,1
2079560125299755520,1
103615054270731008,0
1973386577842303744,1
2257434424903768064,0
1225743466098979584,1
2042668899120482304,1
889467386426244096,1
1875060723685155328,1
1531981801323890944,1
2085381224220439296,1
2123016103949358848,1
1978796066671472896,1
1839935552781935616,1
1191962373454537984,1
650133185414311424,1
1132934184864637440,1
1377370936081381120,0
1273026038127895808,1
768879596787112960,1
1418089960745580288,1
1967529030145009920,1
182068074254135552,1
1574433072053300736,1
744190193768740096,1
1839259069752589824,1
685237471830470144,1
1585800958149923328,0
991349090254495488,1
474395911494028544,1
192609905025518592,1
999487243567239424,1
1364934066908207616,1
1715913535985953024,1
1715012058307232000,1
363178660924118272,0
1802751576322103552,1
428777363798065920,1
929269686720225280,1
957127170514657536,1
342349138249339136,1
1167863557700556800,1
539278259637047040,1
723633952764399872,1
50303246702966272,1
2303354286849803008,0
850412378130908672,1
869101078361089280,0
1357337944514902016,1
212776028859809792,1
1528279233407632640,1
891682366044623104,1
1329744071697619712,1
89739518613854976,1
1628094089759315968,1
1799824134231566080,1
488766883345479680,1
2098183120741210112,0
2076434517306136576,1
970853045883471616,1
735444790669794560,0
271754236013052928,1
1806778725741934592,1
827475891649746432,0
1514421207185900032,1
1011843172438663936,1
2198780841317657600,1
1259049623905839360,1
1637039110958932480,1
803824817034047488,0
66248669611168000,1
1750567473280270336,1
291085314225988352,1
892942432738213632,1
2160138730894572288,1
2047961997551416832,1
650087070813940992,1
1516261444972048128,0
982927542378623744,1
1259000239056350208,1
843326311721210368,1
1242052002721511680,0
1602546018428236544,1
827866520690320128,1
1063736926653522432,1
1537307743678130944,1
1603488938429385216,1
4870608815242240,0
510740793721122048,0
862269575218179584,1
27128125449377280,1
1272829193101657344,1
1041946637479842304,1
2295362471841946368,1
257186085435745024,1
2085848677711175936,1
1412584348145452288,1
4687778214534400,1
1924488315139873792,1
435535938061322752,1
1636797172834557696,1
587653715497068800,1
447161819030821120,1
2008984631425581056,1
1359565485178118912,1
844866621794662400,1
1372793012503213056,1
2112381856626769152,1
204639153331454976,1
905412825049004544,1
675878964825784576,1
98845936818338816,1
76915713414257152,1
994627016591351552,0
637176650211507712,1
1003198499046462464,1
691501904713351424,1
1666398680173503744,1
2205894880488859136,1
795482914812992512,1
2282265912168226816,1
964474586255100672,1
836529914864939776,1
835194002936858880,1
153144724871919360,1
764423939165336064,1
1862735976901864192,0
1779093387551921920,1
1174035153404422400,0
985773847760427776,1
1043841920228590336,1
497584819411221504,1
1798554295634347264,1
1529158110558703104,1
459954664829553408,0
453038130278908416,1
193681352960409344,1
1218685611341190144,1
1116966330279417600,0
1988583632784670720,1
1789784765114133248,1
1114359102979651328,1
162445335532569856,0
690853944540715520,1
1927356052990991616,0
1399158673651082752,1
659814460673538304,1
2245080812320178944,0
1145804281140548608,1
344357447960850688,1
1846297118281332992,1
641950228230880000,1
1737084883383341056,1
1667573730879257088,1
1562824343534583552,1
91971549228382720,0
286059125116155648,1
2070168034586590720,1
1969021098742987264,1
858949957175009280,1
1003353585604944640,1
887545238499935232,1
775043054749340416,1
374292030495562240,1
1888154394956002560,1
642169456243004928,1
1637369368067892224,1
1715071585689034240,1
55782446338736128,1
2275823194826050304,1
198721514706079232,1
426535468067937024,1
1076797918324941824,1
1542094455557257728,1
1222288794552098816,1
1001736662658018048,1
1651953500779361280,1
581366580518245888,1
616096258023498752,1
1367883704361842688,1
359908419639207168,0
108713218560378624,1
1464451910264617472,1
44872552381761536,1
1248325590716149248,1
1791073514964917248,0
1080681022727374080,0
1837015160026920960,1
1031470698396381696,1
976092876743266816,1
2108966459899020032,0
1898255950791766784,1
120429924921741056,1
1332289963589067008,0
1405286886477539328,1
1836721826905826560,1
1677215850945456384,1
224275651257585152,1
1079651463546705152,1
1498463592466397952,1
308398645808829952,1
947144101510838528,0
996830107168881152,1
193037644149498368,1
8657228430574080,1
1573166888510754560,0
2037317814172488960,1
802581774448146944,1
745812668324680704,1
1713506163779505664,1
364990637651860480,1
1423750299921141248,1
1065111647206838784,1
292469796423543040,1
1950335418602921728,1
291701763654429184,1
696099831748129792,1
1975765790100139264,1
2149047050478910976,1
991280789317304064,1
1149652895225803008,1
439844842454978816,1
1945350737330072832,1
1875900948292133376,0
1579615934759917824,1
1141907045980231424,1
125546188554977280,1
1057500869823524864,0
518818092097199360,1
1818060557896639488,1
245236145666569728,1
1726784430174349056,1
1177844740590216960,1
1703472135174004736,1
434001328273620480,1
2294124009146785280,0
664770853011369984,1
372037161166484224,1
570404881828560640,1
985898230593399040,1
88616708331973632,0
727644021323207680,1
1921859950886707968,1
1290637529669411840,1
224699939223011072,0
310342167883338240,1
275527461909089280,1
1205708354526205696,0
700990577891560448,1
192700000044917248,1
1962005987152882176,1
148550379663451136,1
2063494342236360960,0
1100171431010448640,1
1171902618236695040,1
164015264960838656,1
1810088966906907136,1
1916480100082018816,1
1869296432765157632,1
2246189308219745536,1
133083510919079168,1
860864668356392192,1
323209729499350272,1
1941837377970787072,1
236650074713352960,1
1874541385956791552,1
957910613470043648,1
223738479001888000,1
456720540701244928,1
57599900396094720,0
1471927692927349760,1
1307095228018893056,1
607070703812265472,1
919366239780275200,1
1988194410618382080,1
805346916636904448,1
176768436139725824,1
1665150404927819776,1
1382132473225120768,1
282430561943194880,1
309846164286473728,1
1032050477916484096,1
62208685302094336,0
156795699945061632,1
437017361363847680,1
1947339210925908736,1
1742899323889282048,0
629367163328945664,0
665594388049152512,0
936540880759569920,1
2293952826980170240,1
1863470498642731776,0
1383835249319162112,1
2213850539712256512,1
494181745260257024,1
1120451971390804480,1
697486265974959360,1
1176864958618128896,1
325584086005621760,1
1695529297152722688,1
24722919026950912,1
75110159801630976,1
811651921139454720,1
1223333906356209664,1
2258182238856910848,1
1432956056066970368,1
664717064553559296,1
665419593791888640,1
611433227048726528,1
715170942224186880,1
1600442423144370944,1
985283467668192768,1
540530634565704960,1
39600907667229696,1
1228480622995821056,1
1260045120580384256,1
1816138262055175936,1
1877215667195459584,1
921055411179549952,1
1135730272359164416,1
477469611204161280,1
1993673061091921920,1
1880228626157166848,1
992406172203776000,1
21130318359894016,1
44677074575281920,1
284471857350923264,1
741956684816807168,1
12863846799702016,1
1940878628338990848,0
1718037080128405760,1
197656948068467456,0
1522805096473916160,1
1813197587300637696,1
1103169144151213568,1
1154063361829341696,1
1490266844040556288,1
2192703420607482368,1
1165230875519287552,0
490021733095928576,0
597078533881248768,1
1519632004313665280,0
509440651766342400,1
621995463077337344,1
271646061209283584,1
564694748449547264,1
2227072627800915712,0
1933009595057202432,0
1532146057129418240,0
726393104081333504,1
162175049329648128,0
1660055000762054400,1
491191097424070400,0
1957905008253125632,1
1133318865040483584,0
174149619077635072,1
1854182507662846976,1
462912128001478400,1
1400763004906600704,1
198349925120945664,1
601229386581752576,1
1754737719755016960,0
1871415389880030720,1
1640189765432418304,1
2155490052316931584,1
538081525529980672,1
1608084533612725504,1
88224935717999360,1
33871637443542272,1
1486956918348918528,1
167008966468000256,1
377534910299262464,1
2122822689281026048,1
1141589615731234560,1
1167188546008772096,1
362510073548821248,1
731863459550118912,1
1603997404724239616,1
1633335530172708096,1
452469086826528000,1
546999545924491776,1
1292103423416339712,1
1276710501904603392,1
1587947018755443712,1
2057952594304403968,1
2006794365969282816,1
1462113550525947136,1
1854475374532229120,1
1333684070587260160,1
2272428609681784064,0
446357458252686080,0
1088976021901700096,1
1848314961497201152,1
975284256550172928,0
1136965795721414144,1
100082201952491520,0
2249684447689257984,1
21324338268595968,0
1755421208382898176,1
733248282259323136,0
657608292827521536,1
1629673131518822656,1
2115300098299953152,1
2202424611238192640,1
1283532990523758080,1
1226284019235358720,1
1993939761172142080,1
1851697127436760320,1
16477366245581056,1
2128038452044856832,1
2010393830505201152,0
1439578513736034048,1
183160218627266560,1
544813214790076672,1
2125093581556416256,1
138747382014822656,1
2295686427686544896,0
530190741873716480,1
2117122534242546944,1
45305616877415680,1
1852159000856554752,1
1621375548570765312,1
333835752418002176,1
1105679856325302272,1
501256347711819520,1
2055316088251874816,1
1673490127597565440,1
304157944545302784,0
2264964458641524480,1
1705875671738024704,1
2137355732099644928,1
771078206645238272,1
1106574871976086528,1
657864812563062272,1
45465779147619328,1
456245588902047488,1
1892971900535695616,0
1548037777155405568,0
1957845257056630784,1
465730850571417856,1
1918505074531873536,1
1198472070974381312,1
545965621153208064,0
1502690766462382848,1
1375100750247357696,1
999637161755751168,1
1923645125099718400,0
518100721837684992,1
2144408804231846912,1
1959199135844044032,0
1884406361553778688,1
364444822651289344,1
338858879912543744,1
1951628757046091264,1
176109284357198592,1
1619465551111544064,1
321347276181250048,1
1013630885324647680,1
520617543540095744,1
2012559314666660864,1
1690998113040414976,1
595862547368113152,1
1104792523826457344,1
476879849178874624,1
1075717649793478912,1
1609762495462468352,1
467567988720943616,1
167127709738266368,0
1942960157741853184,1
1474336389020912640,0
1309576115340294144,0
1414617401227969792,1
25019730898701056,0
942223116532527872,1
952125542993627136,1
2010314005402148096,1
1379184080672545792,1
302827065934957824,1
893231561744308736,1
720860023448209664,1
1740023299133139200,1
1731072718654033664,1
1824013919286879488,1
101920994537826048,1
819114413858027776,1
1185970448009491712,1
2239385650605711616,1
823190102899186176,1
590429751054537216,0
1565917896915594752,1
1428032007537232128,0
1207119882373287936,1
1708236760345806848,1
1813101198298421248,1
1678111545280652288,1
193623826935734016,0
1908372750453142528,1
1202993409211518208,1
1899524556989076736,1
311843507126476800,0
2104753083673527552,1
1843962934020692480,1
2298067679671517696,1
434754542936684288,1
2006749527390570240,1
682441933242756096,1
993625057210535168,0
2010004381465233920,0
369491711204356096,1
1525324407528297216,1
104747458920006912,1
99141046143252224,1
345552628850527744,1
2231913372356778752,1
857264963653157888,1
1352013200965436928,1
1132177167827480576,1
1701746897058770944,1
771088423496277504,1
1384084926052644608,1
937490664792622592,0
1670720363826379776,1
1479881522747186944,1
1032539782741282304,1
1649731225184862976,1
1735233868956147712,1
671822628558084352,1
859578034007764224,0
899898657756472064,1
1872009897965145344,1
2133735398081585408,1
2246556248776775680,0
491536973101991680,1
1943573972829154304,0
2147906205660994560,1
2164923846066224640,1
1563721870925055744,1
1684073329588658176,1
131715964755409152,1
1643166171361251072,1
1275249127071723776,1
867921640948621056,1
1646823569693155328,1
805767501263211008,1
112922596198413056,1
2284731222830713088,0
1060104864064026880,1
502158311395947264,1
1845298675054376960,1
575575306960293632,1
2104469738495482624,1
250551626426939392,1
1791429494332478720,1
1621231247790019840,1
1912815180029169920,1
375809846067890688,1
373818639911270144,1
303776702236537600,1
1274821993469606912,0
299202770829532416,1
1501348141245116416,1
214732265485441536,1
2085060512267891200,1
1381391290763286272,0
1470402030151233536,1
950668979404275968,1
531669294413903360,1
1475754604114312704,0
394236889332140544,0
339360802528945920,0
727795705362441984,1
1425094239327407104,1
242776721967457536,1
1785073050780136448,1
137072219254713344,0
912505248269377536,1
58500290551974400,1
1130168910958162688,1
804344688778730752,1
362206961273355776,1
1315169520472791552,1
452878763062997760,1
465055036394857984,1
965709971268953088,1
2238982510165646080,1
1964444196334329088,1
2007256200594078720,0
526828583699416832,1
1540981690704273408,1
1349444522040055808,1
1133413096035709696,1
1291415738950243072,0
570650017829731328,1
530975783251469056,1
426450014062013184,0
933462337723223040,1
1912272449497683968,1
1705542800836068864,1
1561645830039694592,1
167423039275632128,0
550223432215526912,1
2070458083064405504,1
1530687709678357248,1
155817575847933696,0
1691481374143417088,1
1360582684776717824,1
2216133865496955136,1
1046846372007992832,1
611263349080393728,1
194578655915157248,0
1598289440411740928,0
1127172773503513088,1
257939070122003712,1
532092481111128832,1
2107524568208334336,1
973610194375191552,1
809671222692642816,0
345204484768562432,1
885110918769046016,1
755609677310647296,1
1039098749288391936,1
604414323326110720,1
1451149213308409344,1
1868774937065507584,0
903073209485206016,1
1488578702283954688,1
554616387778575616,1
2269309747602729984,1
895578190084309504,0
804168193820123392,1
170981329063857920,1
302325100836209664,1
769194567705434624,1
1418781060307105792,1
410175604479328256,1
1382933125938829056,1
1551725410102309888,0
1032920421995262208,1
878572798720548352,1
1800504364752341504,1
1588968587900062976,1
972788825869569792,1
2063612317077679360,0
1269890388127473920,1
2235813801134894336,1
672714694306087680,1
2204207392566347008,1
311765467584460288,0
395156431268556544,1
347721666595843328,1
870333422878952960,1
642711580061019648,1
336165031801238784,1
2234179083905362944,1
378828136542772224,1
1762253984987843840,1
299957795741341952,0
1351111312091545600,0
1382569777356185088,1
1080035492221748736,1
1594371354888960,0
688245945495729152,1
2056490367340703488,1
1974887667202392320,0
2225335120490632192,0
1761524687164554496,1
1737897663136374528,1
309398505844176896,1
382872964840497664,1
246531436517374208,1
1672589749058626304,1
1267851731225768960,1
1586614553152286464,1
1671399505821264640,1
1988989045984106752,0
1404725550865997312,0
2280022406996930816,1
776237582919643648,1
1477664730422325760,1
509990308222246656,1
1998439502909422336,1
1015315116505542656,1
1494638141810465024,0
1498589844534265344,1
863485303171686912,1
541679715743514624,1
832673853979475456,1
2082557810851741696,1
382829477481796096,1
2163222939573699072,1
1401834475986089728,1
372927713202759168,1
1842305563950244096,1
634074866009340416,1
1610466906573588736,0
449439190828689920,1
698523756906471424,1
291421510504129024,0
329098598974701824,0
343871052108998912,1
233429308972975104,1
2181535369179730944,0
2249378093310030336,1
1774732971617199872,1
2272255507894621696,1
901402934072836608,1
2153836916487744512,1
436393906877926144,1
1773764876660287488,1
306592185324975104,1
1439626109710780928,0
1508197882536219648,1
1074539444025650176,0
1724877104176937472,1
1692692782737814784,1
82328276969975040,1
131067622201718272,0
2239598145541924352,0
1459886518955944192,1
1071837892195299840,1
218462803964729856,1
917570550543131904,1
455100544617457920,1
1101129855798363904,0
442693413136648192,0
2212970308975624704,1
1849967626461424128,1
1667579777198068480,1
910142396541626112,1
167758073339428352,1
1546243785453356288,1
409859661154961152,1
1995019802940892928,0
1935451036149449728,1
1658779751921136384,1
1575500304739623936,1
932077481310461184,1
917395016896480768,1
738823522816752128,1
292711923594904832,0
1079732063438277120,1
2127846800321747456,1
642856192239233280,1
1585913673487657472,0
372126312075029248,1
1998582894578146816,1
312877141464997632,1
144172614790436608,1
1707840539333534976,1
2191100452307594752,0
1604558663514401792,1
703470154384606720,1
1033416137989115648,1
1871530033077021952,0
1042679905662612736,1
803623457377782016,0
1969707374514761728,1
465496280692012288,1
705380684287143168,0
1812110832172143104,1
1881650999852418816,0
1209814240882119168,1
2028658137135921152,1
1753326173243382528,1
1938554210953378048,1
1382485666790468608,1
1413999373649483264,1
1344374873953410560,1
1915013181804224000,1
1031902925538000896,1
936707064808196864,1
1893892016049295616,1
1061049589159463680,1
331942060323488256,1
1738663455786285056,0
955548803814297856,0
491112410357135360,1
1714497927770960128,1
651751771157717248,1
42190162331748864,0
1749754447388295936,1
119570753600045312,1
120270527167648512,1
1761441581994236672,1
166717398927575296,1
298113936502434560,1
747633486120273152,1
923383263429117184,1
1138459031816085504,1
1893871627544735744,1
1123875638862153984,1
470112949190961920,1
170195657270298880,1
2214082705419324416,0
1076868870418551808,1
1485188261644090880,1
664574953580921600,1
1740717221207697920,1
2118970516400076032,1
1681498178540766464,1
1626295946023634432,1
1238229486577452800,1
670624324609278208,1
2220425259144052992,1
1917769642788034560,1
1349369597851279872,1
92308384799697408,1
11400501954664704,1
1904156286920781312,1
490375646412813056,0
2171051858581012736,1
1845883933986355200,1
1154938561662929920,1
329441940961258752,1
899871367220249344,1
792044840604158976,0
2268723433135709952,1
1098602212877667072,1
1177156935575926016,1
1861257753599528704,1
1494538099660334336,1
523702583392733952,1
1571001634169876992,1
1788800692768545536,1
346664797035345664,1
1937084546883131904,1
1037822219804983296,1
2301291066637468416,1
1480566943854607360,1
243272725686567936,1
1763258452402619392,1
1282807059620024832,1
1530175817739429376,0
550743385303833600,1
821049888778529792,1
296636118621449216,0
1822337494857308672,0
1487953191196218368,0
763555348857806336,1
340957645864574720,1
282102658374551296,1
1699424421765609728,1
1301495961923492352,1
1652065324004928256,1
1877416571308329216,1
450695067030745344,1
176814795233353472,1
319101771649664256,1
2248226760995719424,1
1139702251048661504,1
834822753781537280,1
1618699664748598784,1
436122576663348480,1
2181052937088890624,1
857021134797312,1
1891517985249278208,1
1725663253084110080,0
1283172132275674624,1
1544474222136286976,1
262938690438964480,1
633186185462120448,0
2086564396015768320,1
1576213447964350720,0
1882025231513267712,1
873932890919853824,1
221263516289381888,1
1326679084352594176,1
632062311909548288,1
1950716724769580544,1
2280484330241164288,0
393854925081658880,0
920309540351253760,1
117475250334175744,1
1036472410508381952,1
1848765328227096576,1
1825426348610801152,1
502423574728702464,1
1357007348935163392,1
834796226429968640,1
955933954883769344,1
1230725572027081216,1
1962572069778135296,1
2034297888064056320,0
326713326388542208,1
1702191637413981440,1
573437381942198272,1
661593892777619968,1
1629567450665058560,1
163239262101660928,0
1076494697697259008,1
2070501021919900160,1
271344381993128704,1
744137691914884608,1
1198140021754547200,1
1398822217231693824,1
1511974434487414784,1
184599437194390528,1
1960954059727497728,1
2127216098977625088,1
680004967622790400,1
385106713208392704,1
158977742858666240,1
31684154138463232,1
1810011664511712768,1
597671668341984768,1
892852077242114560,1
1998284348894212608,1
775475424304893696,1
1846614584000608768,1
1801268383035338496,1
249772721279337984,1
32798604082707712,1
856798416689185792,1
1654999822453012736,1
998097286108553984,1
44924466958691328,0
984398927284232192,1
1966719808645614080,1
817323024780839680,1
849039922549515520,1
1894059518327118336,1
1401098169478164480,1
700581282952369920,1
706285232828799232,1
256918014219710976,1
2006225932963976192,1
923325817269559552,1
71422243174482432,0
2196313606629364224,1
1208571457217584128,0
1500982026601833216,1
1275719345708302592,1
1225237680482964480,0
806268027917168128,1
1772347727673670912,1
2131724726280509440,1
353822709609428224,0
1811547426101813248,1
1327426050069668608,1
190562291252599296,1
769077074916497920,1
1097717032091956736,1
1465185123075716608,1
396255239560200448,1
1069302976177283840,1
1498305882026237952,1
716717028519290624,1
1725187619038060288,1
1332876472637668608,1
964416914647849984,1
1841417674085507072,1
619434612285283584,1
525799275082804224,0
1288770711433912576,1
821225763785109248,0
492745442005282304,0
45606888116273408,1
1714640247997533696,1
407000225413087744,1
1481601326362775808,1
69541656704775680,1
809902927402268416,1
1462689469657632000,1
919570627162932992,1
2127859320083603968,1
2252260302841608960,0
1892425837988823296,1
1326990049796382720,1
1801554038408315648,1
1259772265555932928,0
989000422096461824,1
1828813939571998976,1
365232938646179072,0
352391286631963392,1
303889459735849728,1
2057914823131804928,1
777203640616531200,1
2101101769248777216,1
1930955851823460608,1
284174292859718144,1
1998170855477364736,1
1227981780442520832,1
2083345833094771712,1
830050311857705984,1
139472668173689088,1
2286687720943862272,1
2004994805633203200,1
1020046938778459136,1
1075694641733556224,1
1517468667401027840,0
617076451514428160,1
1979663163281872128,1
1292977459676487424,1
2203770940629059328,1
1789669574607630336,1
734281063007680512,1
146552196673632000,1
1281474708788525056,1
841152939885948416,0
1138106326387956224,1
1264030269530725376,0
657732712443467776,1
245459506232105728,0
648939685811961600,1
315355774940946176,1
1469416331924897792,1
1256738728412923136,1
1563310685192601088,1
1704988577667656960,1
209020428345291008,1
356136630761550848,1
1784751920489778944,1
1184931349229117184,1
1324787508748813568,1
7867629522096896,0
1858904752691177984,1
1178460360442868992,0
273506784996398080,0
1017611452581820416,0
497644707534489344,0
1963914511341025024,1
1855132190955578880,1
1550288609337473280,1
1479317713225004288,1
747203595767205120,1
1981083087345341184,0
406080477506992896,0
1704148256341995520,1
549385241558785536,1
1354479646295554816,1
526857066602849792,1
2082071592873259776,1
682481135578782976,1
497018934794185728,1
613907647132675072,1
1490033037702214912,0
159903011768775936,0
549896950990190080,1
2062276567294190848,1
365829429542634240,1
1984496903268629504,1
739451543099728896,0
1547956725464195328,1
1764093093503715584,0
1117056149379809024,1
197207599429842432,1
2282154320454406400,1
125388794401147136,1
1824619131234799872,1
493589662828788224,1
230407108318324736,1
703575390663756032,1
1979754062414483712,1
937530077119436544,1
495935598028940544,1
1689985589645864192,1
924127217316670208,1
1214954420201898752,1
343837350001651712,1
562029556221800704,1
1746596986763986432,1
1226662577175714048,1
280485193782816768,0
2091583394732415744,1
1475968584226851840,1
1882011670560005120,1
1576933994343995648,1
1913097762513085440,1
1992694944696653056,1
1759683535101741056,1
821964626486365184,0
252753169623889408,1
54420516057865472,1
1327606925769642752,1
206821234279820288,1
385215097783209984,1
692987039481578240,1
1122788821890680320,1
690148438623070720,1
444513783966150400,1
1856787992891356928,1
1603299264063313408,1
396986419193858560,1
542822572819340288,0
1424833121625941760,1
1881233572997946368,1
466785502710611456,1
1738081249570845696,1
213677526577169152,1
2058935324262964480,1
782488580183645184,1
2041266558191810304,1
639315082469853952,1
2060903465937402368,1
585500585167161856,1
1492299949869672960,1
731854074925323520,1
2232631532583693312,1
443690645404611072,1
431374190088545536,0
476685382425358080,1
1544323784427650560,1
498574732294276352,0
1100592888617371904,1
1185913971509989632,1
615732939186539776,1
1272425228723618048,1
2001216581688045056,1
1851318268518061056,1
1377789254627156480,1
649444893075606528,1
2031207288994173440,1
1772507233375202304,1
310896405006304512,1
1209340561838724608,1
797771955329024512,1
1708568204356278272,1
272210520801965056,1
2142637146066879488,1
865342017231689216,1
736867151352229888,1
1055909142829073152,1
184823520880727808,1
2146650523198149120,1
1422893434747757312,1
1970273080891595264,1
168786739749012224,1
1304506449674244096,1
1976871076043995904,1
354558444350423552,1
1152479738968656896,1
1753282882731040768,1
1104961241185566208,1
2280982459202335488,1
1802768173060626432,1
117730331755308800,1
1163530138993307648,1
1761318816633476096,1
52208531967272704,0
1319396657279286016,0
2070752362524092160,1
614486933072402432,1
927364179920082944,1
1300421366978202368,1
597722397398175232,1
1531458598510876672,0
1528461597975487232,1
1370428792736465408,1
300109604431632384,1
170798896704970240,1
2093402175343521024,1
290850276822686720,0
1802299662443034624,1
1297743385377593856,1
1690441381596862208,1
185783699463929344,1
1687578287146941952,1
1178427720789401088,0
2114202350846018048,1
2113285017275534336,1
2260761980181373952,1
623823806564153600,1
380196067704666112,1
1450438440400321792,1
587398091154762240,1
1037224436006757120,1
1931092535788218624,1
2131024351592719616,1
670239270762471936,1
778721917501385984,1
95081239597827840,1
1550606684099310848,1
533665366747752192,1
2080197950669961728,0
620096092138266368,0
1850045171650895872,0
1231773404965278720,0
1750991875042817280,1
1006887660547113472,1
255498198660779520,0
1388707283901351168,1
2265694623224145664,1
910221012182425344,0
585503165677991936,1
1291126238208324352,1
104436925833848832,1
1089966849864724224,0
466543927800462080,1
1650922146938649088,1
857088575390823424,1
1391136395364464896,1
1243293207496700672,1
1482045018576349952,1
1607589679822956800,1
2147236772330558976,1
2137159980678683648,1
1860621251525544448,1
1663414509144477184,1
21535606242905600,0
1815058055431016448,0
208653850253220096,1
1929681689003082240,0
1956562291146593280,1
1382388414639680000,1
608088045909605120,1
282971502870172160,1
1081800807125596928,1
1498066588015862272,0
2142383925644076288,1
1366992844205203712,0
772610155133318656,1
1727294168102021120,1
2102016731194379776,1
1209825861640311808,1
1701261690915070464,1
1825543120963572736,1
12047356483572480,1
1413363628240462592,1
292152660623441408,1
1619822812461983744,0
757248310862657024,1
1803253668127781376,1
595622850044473088,1
1645992575331516160,1
2282806818954049024,1
1304136691814935808,1
897829207664290304,1
2167042478229381888,1
1842334842146434048,1
250701901311559936,1
1722610555364689664,1
288776999517952,1
622823951145495808,1
2194412802067159808,1
1927589724275997952,1
936734627732316672,0
65569113009328384,1
1040050793862186240,0
657813792965136384,0
67825824849906688,1
1763544533548869376,0
2055996182740533504,0
1186395105069405696,1
371118173292488192,0
1042752894287279616,1
3564010415373824,1
752921346434543360,0
723271597447467008,1
1637891568720239872,0
971974593290109184,0
2032463148410346752,1
1803378247644368896,1
775150419393161472,1
70974453830900736,1
617969962234406144,1
1877047753777118208,1
543530839664641024,0
854778195862292992,1
219135105793768448,0
1330224527746050048,1
1794405747316267776,1
2277036584642261504,1
2301273294838229504,1
2199798944927136256,1
1080292328562266368,1
1363526153085794816,1
1813326119950623488,1
2114516490407885568,1
1535864076351273984,1
1892453309334790144,0
271053035210369280,1
184872581819380480,0
1126422705415421952,1
1194279385079379456,1
340968338915144192,1
1533696547242326528,0
749388216508232192,1
45885383415631872,1
162142226182479872,1
2017099394157281792,1
205206996307521536,1
531006982599151616,1
313356872055618304,1
991955389541369344,1
2129639892498953472,1
2276911035968384000,1
1832323340317894400,1
2168428592634793472,1
915949740354087936,1
1263371301318498560,0
751995412569136128,1
1336969905285821696,1
1738250866342890240,1
1666790036344513280,1
2260480938379316480,1
707389719196779264,1
1381135916281765376,1
918458773506963200,1
811124694602212096,1
1516792744769673216,1
1550293198362703616,1
887370163978951168,1
2015068277789976064,1
1714868982360298752,1
583705598032882688,1
2227593560441222656,1
454092745873037824,1
1023065647912532992,1
1970344967524224768,1
1122112402481613312,1
737626635486231040,1
1044771900858900992,1
1266324052718525184,1
894585418067354112,1
2279521883771180288,1
1254795609865475584,1
1085695294878320128,1
1172425976434108160,1
1868403214277713152,1
1734804572404635648,1
1493912880486007296,0
406891485455159040,1
44758379527509504,1
662636722090099968,1
1662666929183283968,1
2015536787924756736,1
54783018208254976,0
625917997842026496,1
321554767202216960,1
21565447209981440,1
1393269062120529920,1
1154334435621544960,1
649216682386260224,1
2199829180522725120,1
1274399210212257536,1
764964245980659200,1
792747477932417792,1
558676794964237056,1
2080003706402844416,1
2169688248589799424,1
1467962886493507840,1
1723024282347387648,1
739445869768289536,1
1226103323871855616,1
2089605141032408320,1
1275147076963201792,1
1726977412535269376,1
2153141915256526080,1
2179042741811001088,1
1166791054412820224,1
227803904455505408,1
845957450001371392,1
1187955430494722816,1
1061058993412817152,1
1331189193494867200,1
324492226116236288,0
822261572072051456,0
858029233862822144,1
347646483950545408,1
1820176900461795840,0
1252345980841380864,1
1079344071527608320,1
1616510155384194560,1
1990685859968968704,1
852336227050670848,1
1698609260203881472,0
1045272898256339456,1
1280318792173631744,1
2292663938524846336,0
1929919459239402752,1
266834203525123840,1
142909675582047488,1
1221918192841937408,0
1771867058611320832,1
183257494755336704,1
314508956913620992,0
148432875577290752,0
935916073970298112,1
1634956618729200384,1
404024873178090496,1
141597617796078848,1
1218810318409264896,1
1482192971615137536,1
432478965326522112,0
1871320295932506368,1
202194768697116928,1
248547783962708480,0
2151313124362199552,1
2127815115132966912,1
1720074565006193152,1
1869976623651629056,1
1826536437599602688,1
653057039252939264,1
962042097158991360,0
364433042447622144,1
450613680111056896,1
2161629681056388864,1
1068223716699610368,1
2109556539732895744,0
479226642679488000,1
479672797758973952,1
978434475614246912,1
1572898768299009024,1
2217988428957185536,1
236072825170271232,1
610833270284512256,1
186325213537394432,1
757689071816215552,1
1712135891905419008,0
533222293318088704,0
1746190199741824000,1
215981658825241600,0
33041026885341952,1
1802363902489337600,1
2163568569082110208,0
258647445097117440,1
1251687661571896576,1
145084823606612992,1
1356812641361203456,0
2299047867319582976,1
311673160956073984,1
1091784670275452672,0
1916508734796722176,1
636810313409373952,1
1637849410412568832,1
1027155928044986368,1
2035936897617791232,1
2282028457556659456,1
2043397889951601152,1
1461758292114500864,1
1320868966537052672,1
1080265776132655104,1
586595425278495488,1
1584645414688822528,1
1031302585196549888,0
129233507999783680,1
1455669203783827712,1
1878973493199745280,1
1983114346401723392,1
1624457079344794624,1
692128283662819840,1
2202242417061718528,1
258375901085975040,1
26431558795873024,1
1555609903850447104,1
873191132042828544,0
1750302630695336448,1
2024697027828861184,0
1583731866069621504,1
2080764138935552,1
439531581480269312,1
745078445554232832,1
562464794193625600,1
419684513095898624,1
128837198260332800,1
1444627347016443136,0
1129725858876203008,1
485495751570093312,1
927578212630425088,0
1435484355519461376,1
2182676121184825344,1
1722384032307158016,1
38778217193054464,1
90736117762814976,0
984024455764793600,1
830158226045417984,1
814188008306505728,1
425027942857486848,1
387826734142065664,1
1841408865029396224,1
1646847558078757376,1
1354110328431954688,0
1121927295213833984,1
2222199115262990336,1
1378353148430945792,1
863401143577866752,1
977998590493120256,1
1156583390710156544,1
1663870842821777664,1
1768364695451576064,0
557030660496803840,0
149890117293596160,1
1529963028000184576,0
324456655728127232,1
852240555429787648,1
903685969456838656,1
2021254821586301184,1
1092953403167958528,1
616750318785397504,1
1815717113860178176,0
1340543162181687296,1
809143589439111424,1
790963125284641024,1
621080065703590144,1
2150169842238338560,1
1978588642351161344,1
1539997290466641152,0
1314100178809451008,1
2236035017640993024,1
984974606844799232,1
1247591613595799296,0
1260018088739524864,0
1825826512674708736,1
1869030510587679744,1
429382896526629120,1
296931901238134784,0
615680546050138880,1
1806406648034816000,1
1475775219071959040,1
560172631169953792,1
206444698506010624,1
1595862360559879424,1
879889749720017664,1
242909456443720192,1
138725642700761856,1
1680321200653072640,1
